,POINT_X,POINT_Y,TWI,Slope,Distance,LST,NDVI,SMI,Class
0,631940.2944225175,1378194.0798345264,11.0221043,5.6568542,146.0328217,26.64978581398168,0.153273,0.4724922,1
1,629427.4798438698,1373871.5405586176,12.8334579,5.8309517,146.0328217,25.923171758374394,0.1328388,0.5188146,1
2,633757.374196847,1375490.2785566095,7.0782189,4.472136,206.5215912,23.51222045823954,0.280654,0.6725155,1
3,634895.1614187267,1375292.4541828127,11.2252436,5.0990195,326.5393066,26.259767833091075,0.1738073,0.4973563,1
4,631003.4009033293,1370557.4507600572,7.7651548,5.6568542,146.0328217,26.374391866528185,0.1236264,0.4900489,1
5,634550.8208730145,1367973.287355397,5.6330328,5.8309517,292.0656433,25.524300244838457,0.2230216,0.5442432,1
6,632152.6733003817,1378985.1715868895,6.6608953,8.0,146.0328217,24.932398579629137,0.1864514,0.5819775,1
7,625539.5776638063,1376589.958047321,6.7843256,4.472136,206.5215912,26.195084412382077,0.2246444,0.5014799,1
8,631261.2835159795,1372851.5099463817,6.7843256,4.2426405,292.0656433,26.887312201638224,0.1665198,0.4573496,1
9,621449.919664193,1371413.002518026,5.6857133,4.2426405,730.1641235,26.115603672318,0.1704113,0.5065469,1
10,625531.8913643565,1376608.991372466,6.32618,4.472136,206.5215912,26.192653641905792,0.3659359,0.5016349,1
11,628765.6652757861,1379522.8113858905,11.9204721,8.0,146.0328217,26.48990150361305,0.3334574,0.482685,1
12,632921.6238647029,1377941.1597580556,10.5320959,4.2426405,146.0328217,27.373954132861115,0.1854922,0.4263256,1
13,636096.8432912817,1366522.1868851576,8.3937635,3.1622777,1503.4998779,26.39236349688372,0.1627565,0.4889032,0
14,629618.0647631828,1381441.1288799923,5.6330328,4.472136,438.0984497,26.35412089522049,0.1093834,0.4913412,1
15,625666.7329122322,1375827.3528517894,5.6330328,4.2426405,146.0328217,26.10298190696659,0.1586501,0.5073516,1
16,621910.4714616379,1370147.3429309614,5.6330328,4.472136,1758.4680176,26.17500949326501,0.1946933,0.5027597,0
17,631365.5213673087,1378038.7068641295,12.5689783,1.4142135,146.0328217,25.63202414423341,0.2568909,0.5373757,1
18,624447.275092978,1382456.0129091758,17.5147438,7.6157732,888.282959,29.318539200720352,0.108086,0.3023562,0
19,623046.9295219667,1370637.0381302012,8.17062,8.485281,2377.2421875,27.01050430229509,0.0826978,0.449496,0
20,633365.9735227432,1379227.9863764644,4.7541041,10.2956305,146.0328217,26.83977832919362,0.1378134,0.46038,1
21,632405.8952530213,1367107.6126162224,5.3677187,5.8309517,1632.6965332,24.924925367440206,0.1423142,0.582454,0
22,629821.0535336956,1381126.692272406,5.6330328,4.472136,413.0431824,24.94227897055453,0.1557462,0.5813476,1
23,632012.0590345338,1371577.448221648,13.262125,1.4142135,888.282959,26.403844853280816,0.2562412,0.4881712,0
24,635022.3153385771,1365695.863855794,8.7976875,5.0990195,730.1641235,26.6361389070172,0.0774483,0.4733622,1
25,621278.3028916549,1381970.8992212955,6.5493236,6.0,1022.2297363,28.830859077826744,0.099629,0.3334463,0
26,635087.731052449,1368358.0989487895,4.7541041,10.7703295,292.0656433,26.671593245880047,0.1351128,0.4711019,1
27,630987.5875144228,1371813.2084883824,12.9598446,6.0,292.0656433,26.450753528924903,0.2844454,0.4851807,1
28,621372.0106304586,1382525.044240594,5.1748877,5.6568542,438.0984497,24.912279494437087,0.0674006,0.5832602,1
29,633457.7921876619,1371381.9672090989,11.2252436,4.2426405,461.7963257,25.500230549073592,0.1044621,0.5457776,1
30,633539.7039952548,1375315.9896706585,13.7239437,4.2426405,292.0656433,24.43844990062269,0.1606218,0.6134673,1
31,624012.1561291236,1372210.840797862,11.2252436,4.0,653.0786133,26.74321299994796,0.1624793,0.4665361,1
32,620944.6200842941,1383239.7381352559,7.130899,4.0,326.5393066,28.83725607110216,0.2327389,0.3330385,1
33,622342.5862855297,1370022.3653397914,6.4377518,4.2426405,2075.5163574,26.752929971825157,0.0942646,0.4659166,0
34,631389.5179039016,1371040.3605680948,13.9978323,2.8284271,786.4108276,25.354225171132494,0.1725975,0.5550857,0
35,627754.4993633982,1376535.0749457628,5.3254399,12.083046,146.0328217,26.511827160829228,0.0942372,0.4812872,1
36,628458.7812361736,1380443.6817361359,18.4578552,3.1622777,1063.1350098,22.690053941152367,0.1164061,0.7249295,1
37,629626.4658764508,1381394.8222078905,6.7843256,1.4142135,438.0984497,25.700309746330728,0.226886,0.5330223,1
38,631071.4945103694,1371779.895419456,13.7101498,4.472136,438.0984497,26.133670359670248,0.1912557,0.5053951,1
39,629259.3667031238,1379256.9146894086,6.1500697,8.0,146.0328217,26.53538676438535,0.3822411,0.4797853,1
40,623733.9196221139,1375276.28513184,5.7142925,8.2462111,146.0328217,26.67849331913112,0.0682968,0.4706621,1
41,633543.8425498987,1368023.8955429029,10.8197784,5.6568542,326.5393066,26.785684568003543,0.2692581,0.4638285,1
42,628575.8225309346,1381013.6960476525,11.7360687,8.6023254,1524.6274414,26.60380872700324,0.1212629,0.4754233,0
43,632768.8511931719,1372348.391790565,12.9299917,8.6023254,146.0328217,28.928200953144252,0.1661992,0.3272407,1
44,621893.3460881496,1383098.0193570685,11.5129251,3.1622777,146.0328217,24.531139362821307,0.1250544,0.6075583,1
45,629971.4317914881,1373894.8983765133,7.2951512,4.2426405,206.5215912,25.587056559361717,0.2200071,0.5402424,1
46,634625.0562558947,1375848.739780821,5.6330328,4.472136,206.5215912,26.141887355928304,0.2165927,0.5048713,1
47,635302.2945841048,1381116.123229066,9.4334841,3.1622777,438.0984497,27.97997746291605,0.1245163,0.387691,1
48,632326.2937009968,1372598.7545886766,12.9598446,2.8284271,438.0984497,27.182809546849228,0.1675813,0.4385113,1
49,632866.2478708616,1379117.5882484019,6.6004629,6.3245554,146.0328217,26.510234872395927,0.0650908,0.4813887,1
50,635041.9371655751,1368407.1578244064,7.765614,5.6568542,292.0656433,26.441340682235364,0.1606942,0.4857808,1
51,618179.1941659935,1382085.7145731952,7.130899,4.0,438.0984497,26.725180599682915,0.1240801,0.4676857,1
52,631949.6820809674,1373220.062052762,18.0933914,4.2426405,146.0328217,27.800189285615204,0.2054106,0.3991527,1
53,621268.707743682,1381932.4467350747,7.690515,8.0,1022.2297363,25.357847030944296,0.0863327,0.5548548,0
54,630870.6493295431,1373164.3904670235,11.7360687,4.2426405,146.0328217,25.240186837606014,0.096857,0.5623557,1
55,632255.0729704294,1372175.04700708,13.8402033,4.0,619.5647583,25.77483304022149,0.1811981,0.5282714,1
56,622515.3645250564,1370141.3330775627,5.6330328,3.1622777,2190.4921875,26.41905232381976,0.1411354,0.4872017,0
57,626729.0093409736,1377364.7908098362,11.3793936,4.0,146.0328217,27.728866345111957,0.0768067,0.4036996,1
58,630590.0350112794,1371445.1827370431,5.8680348,7.6157732,292.0656433,28.440310183009046,0.2231013,0.3583443,1
59,630725.1408705413,1371317.073297599,13.4408169,5.8309517,292.0656433,28.21561007915028,0.1797147,0.3726692,1
60,633699.2165092044,1375106.777399268,5.1552773,7.2111025,461.7963257,25.641995139685605,0.2295394,0.5367399,1
61,629924.4851670656,1372343.9625070132,6.6727538,3.1622777,292.0656433,26.175389493072885,0.2910944,0.5027355,1
62,630261.1290062135,1373485.8539437223,13.987361,4.0,146.0328217,26.02902447428676,0.1398624,0.5120664,1
63,625720.8583750371,1375658.0487521328,6.1151829,11.0453606,146.0328217,25.928353139024807,0.0860144,0.5184844,1
64,633624.3256584164,1375295.3055761436,12.7293205,4.0,292.0656433,24.343029653078872,0.1727973,0.6195505,1
65,632168.3400316684,1373520.6143036876,11.042922,1.4142135,146.0328217,27.62975952615216,0.1853215,0.4100178,1
66,632981.4850847442,1382611.519156426,11.7360687,1.4142135,1552.3502197,27.110577500998545,0.1296556,0.4431162,0
67,634825.4157560086,1368377.3518951663,8.4056215,10.2956305,146.0328217,26.421549723025407,0.2006011,0.4870425,1
68,623402.3365737897,1375303.5401653815,6.466331,7.2111025,292.0656433,25.89134988306961,0.3141037,0.5208433,1
69,628937.6806789702,1374570.0722734367,14.4170904,10.2956305,206.5215912,26.22950702290632,0.0876869,0.4992854,1
70,617638.509506695,1378185.790025849,12.1415339,4.0,2190.4921875,25.702169392941585,0.3245741,0.5329038,0
71,634987.9010127019,1380643.6646557488,12.6115379,2.0,146.0328217,27.718143500903754,0.1032653,0.4043832,1
72,622228.8249552343,1371367.8336138967,5.6330328,4.0,1239.1295166,26.8736574225826,0.1690193,0.4582202,0
73,624321.0705467016,1382615.6558116004,9.8877392,7.6157732,744.6242065,29.524233520543987,0.1398793,0.289243,0
74,623958.0714100488,1375346.5907387473,6.4966435,5.6568542,292.0656433,26.879711300192582,0.1038251,0.4578342,1
75,630002.0683476347,1372610.5094335247,5.8680348,6.0,206.5215912,26.204066651920527,0.1235454,0.5009073,1
76,630147.2011109954,1373469.0456071012,12.5245266,3.1622777,146.0328217,25.906704932328125,0.2789544,0.5198644,1
77,631637.029490618,1371912.003766656,12.9598446,3.1622777,1032.6080322,26.03451253712308,0.1661877,0.5117165,0
78,633697.6938766716,1375013.6956889369,9.4334841,1.4142135,461.7963257,25.841337141948145,0.1499572,0.5240317,1
79,634552.7753671883,1368145.1085822375,7.8829379,4.472136,146.0328217,25.99063683183215,0.2685003,0.5145137,1
80,635973.6125715692,1370958.5583701655,8.6814451,5.6568542,146.0328217,23.77930759891001,0.1239749,0.6554884,1
81,634705.5166513007,1375096.1367859335,13.1550961,3.1622777,292.0656433,24.76970442170392,0.1641725,0.5923495,1
82,631512.4355736569,1372793.5061227211,12.8007793,7.0710678,292.0656433,26.31652749284939,0.1587316,0.4937378,1
83,635482.1744591799,1365507.7597751727,11.2252436,4.472136,979.6179199,26.343429412494515,0.1065381,0.4920228,1
84,620790.4710882446,1371587.6851796359,6.1500697,8.0,146.0328217,26.604455944244933,0.4316439,0.475382,1
85,634253.5177975334,1375800.7182688098,10.8197784,4.0,146.0328217,24.068417384611397,0.1257653,0.6370573,1
86,625423.747014014,1373806.6681697778,5.0795774,15.5563488,1524.6274414,25.983364756965383,0.1131892,0.5149773,0
87,633739.6580293588,1375533.034962967,6.4377518,4.472136,206.5215912,24.926702075632928,0.4157741,0.5823407,1
88,618611.2669387702,1377228.8623221945,9.4334841,5.6568542,2075.5163574,26.756119023763688,0.0652096,0.4657133,0
89,632736.9651809772,1379058.2184150235,7.8829379,8.485281,146.0328217,26.632451843032754,0.0935361,0.4735973,1
90,617875.9533394966,1382167.9031692669,10.5320959,2.0,292.0656433,26.722735294409347,0.1617974,0.4678416,1
91,629411.7205450161,1374088.4448702894,14.6538401,5.0990195,146.0328217,26.114366435209437,0.1072935,0.5066258,1
92,632677.3527052803,1371059.2743662596,11.042922,4.0,602.1087646,29.01251364179626,0.142761,0.3218656,0
93,622319.6824694024,1376306.1461620554,5.3677187,7.2111025,1032.6080322,25.77719538678366,0.2091142,0.5281208,0
94,632624.8265558798,1373863.5112544969,15.9027338,1.4142135,146.0328217,26.927463946511523,0.2230417,0.4547899,1
95,633738.8021911997,1374728.3273094893,9.6175385,2.0,461.7963257,25.44013835769113,0.2009645,0.5496085,1
96,633686.753059674,1379645.2102668379,7.927866,7.2111025,292.0656433,27.09930825114975,0.1035637,0.4438347,1
97,634168.3808898786,1368201.6569739971,6.8432169,9.4868326,206.5215912,24.76047270888637,0.3743491,0.5929381,1
98,628788.2170529338,1380904.6171631683,11.7360687,5.8309517,1438.2564697,25.898359919952274,0.1107469,0.5203964,0
99,633167.6693865731,1379193.7506407183,5.9796066,3.1622777,146.0328217,26.521332760175085,0.1112331,0.4806812,1
100,629263.2425767407,1372335.160749111,12.4292164,5.8309517,326.5393066,26.489859824924338,0.2774805,0.4826877,1
101,629086.3039005025,1374133.6741662826,6.4377518,4.0,146.0328217,26.111651215353504,0.0945105,0.5067989,1
102,633678.0803337153,1374081.749429386,10.5320959,4.0,653.0786133,26.209193529529728,0.2523786,0.5005804,0
103,632978.9695265563,1375705.801364781,9.2692318,4.472136,146.0328217,28.42530676279381,0.0908476,0.3593008,1
104,634668.9447799381,1376828.8264726773,9.2411118,5.0990195,146.0328217,28.21224451887548,0.1015663,0.3728837,1
105,629074.9245177004,1374225.5375379808,5.7446046,12.0,146.0328217,26.035974523525454,0.3057703,0.5116234,1
106,628548.7946999352,1378551.6639016513,6.8432169,4.0,206.5215912,25.52940180195617,0.1365337,0.543918,1
107,623944.0342964297,1376778.3565306664,5.6857133,4.2426405,1346.3560791,28.62655098940513,0.1576561,0.3464712,0
108,633697.9076438947,1380615.2773841731,5.6330328,4.472136,923.5926514,26.722303870667645,0.0562011,0.4678691,0
109,632122.3082897179,1379469.9445341136,14.3424826,7.0710678,206.5215912,26.260089644999027,0.1893183,0.4973358,1
110,620560.2468143132,1376301.4744115192,12.8674707,1.4142135,292.0656433,26.482048196215487,-0.0370447,0.4831857,1
111,631407.305689767,1371175.573033407,17.7841492,3.1622777,851.510376,25.397726513384494,0.1644898,0.5523124,1
112,625132.2157062804,1374350.6077771299,11.3276205,5.8309517,1247.7049561,26.33763815321936,0.0964979,0.4923919,0
113,629782.9363822406,1373809.458702402,9.0869102,5.6568542,326.5393066,25.86785391434978,0.1266049,0.5223412,1
114,625633.5087144691,1375398.6753835753,9.5569143,1.4142135,146.0328217,26.592928347527906,0.1265492,0.4761169,1
115,629894.6778066978,1381325.7239335757,6.4966435,5.6568542,206.5215912,26.06483514938077,0.1188235,0.5097834,1
116,634662.020364048,1375288.002925463,11.8313789,4.0,438.0984497,25.825121250941375,0.1907847,0.5250655,1
117,620902.1237210222,1383211.1321311668,11.2252436,4.2426405,326.5393066,28.934714780933856,0.1289066,0.3268254,1
118,624074.6661513384,1383573.3926382884,5.6857133,4.2426405,146.0328217,24.730694026756336,0.1929888,0.5948365,1
119,629609.8913996993,1374069.4347729236,7.130899,2.0,146.0328217,25.98401676238319,0.1160669,0.5149357,1
120,620295.1202098774,1382311.0662227795,11.5129251,1.4142135,292.0656433,26.405076687947822,0.2734327,0.4880927,1
121,635521.5705592055,1373615.6337371431,10.2554646,7.0710678,206.5215912,26.719000416192955,0.0841927,0.4680797,1
122,634965.1033095401,1380250.8693918493,5.9796066,7.0710678,206.5215912,26.392824520233432,0.185635,0.4888737,1
123,636105.3609218188,1366733.1715794597,5.4220357,11.0453606,1579.5864258,25.415193525450206,0.1321168,0.5511988,0
124,618088.2007972337,1382239.2860246953,12.1415339,3.1622777,413.0431824,26.827262966692388,0.1578126,0.4611778,1
125,631474.9197279662,1372853.4467609376,12.5245266,8.0,292.0656433,28.276475230786843,0.1835909,0.3687889,1
126,625419.0003595529,1373727.5975420885,6.6727538,9.4868326,1460.3282471,25.98136207186764,0.123172,0.5151049,0
127,632763.2925042035,1371150.8184226528,5.7446046,8.0,602.1087646,26.312179155569083,0.1262525,0.494015,1
128,632779.0241007889,1379500.1212144084,5.9796066,4.2426405,326.5393066,26.368026884394453,0.2135487,0.4904546,1
129,631642.995785418,1371330.1359536927,13.0970459,5.8309517,1063.1350098,25.96855954313122,0.2123221,0.5159212,0
130,634157.0983276479,1371913.9855055213,9.6958485,4.0,526.5288086,26.42877788431201,0.1450112,0.4865817,1
131,630888.0510057313,1381596.8316086214,9.4334841,1.4142135,888.282959,24.605486857885865,0.042654,0.6028185,0
132,624676.842718075,1383192.8671106305,11.042922,4.2426405,461.7963257,29.146671645689597,0.2240029,0.3133129,0
133,632778.0433226489,1374342.2252160867,12.4292164,3.1622777,206.5215912,27.956459698702474,0.2634939,0.3891903,1
134,631642.1005504951,1370905.7466598619,12.6915808,5.8309517,851.510376,25.761638307690703,0.1378238,0.5291126,1
135,633168.4601511434,1378483.923782112,7.3540425,3.1622777,146.0328217,27.886676004333765,0.1975598,0.3936391,1
136,629820.1031748392,1374234.4449114818,5.6330328,10.1980391,146.0328217,28.924118714885648,0.0714622,0.3275009,1
137,627861.4940124825,1379667.8534244336,12.1415339,4.2426405,292.0656433,27.894328336638694,0.1988546,0.3931512,1
138,631416.0354913734,1371448.3481169082,13.262125,7.0710678,786.4108276,25.85012811531408,0.1296721,0.5234712,1
139,628804.4749348946,1378223.3891872615,4.4075303,18.8679619,146.0328217,26.98450524802217,0.2080596,0.4511535,1
140,634464.7391860234,1375804.0722848866,8.869978,5.0990195,206.5215912,25.762290874055847,0.1464346,0.529071,1
141,621752.8997963956,1382947.7865300607,11.7360687,4.0,146.0328217,24.830699110184128,0.2145682,0.588461,1
142,629514.5651539024,1379536.695025416,11.3793936,4.2426405,206.5215912,26.414379412510243,0.2286496,0.4874996,1
143,625872.2816622648,1377310.1395409666,11.9984331,5.0990195,744.6242065,25.405859265008417,0.2058897,0.5517939,0
144,635000.3648487711,1380327.5375030115,6.0608659,5.8309517,206.5215912,25.899865023709765,0.150551,0.5203004,1
145,634448.1777419577,1371304.2024671563,8.17062,1.4142135,653.0786133,26.333360503475088,0.2019175,0.4926647,1
146,628572.6506211301,1378668.7664496452,5.1552773,7.2111025,146.0328217,25.63326096300557,0.3531018,0.5372968,1
147,617796.5718711121,1382689.9351513328,13.3847275,1.4142135,146.0328217,29.499079697865,0.2199611,0.2908465,1
148,634946.2384646935,1364295.7792657183,5.3677187,5.8309517,786.4108276,26.602061760631216,0.1197324,0.4755346,1
149,626343.7910353065,1383402.813567629,6.4966435,9.8994951,526.5288086,29.01635016213004,0.1953372,0.3216211,0
150,633169.9903995413,1378542.582100354,14.0874443,7.0710678,146.0328217,27.67219693789974,0.1409151,0.4073124,1
151,633002.0542599185,1381778.407968169,9.4334841,4.0,2229.0942383,26.88057259795295,0.2203048,0.4577793,0
152,632572.9416319188,1373488.753051212,13.2401466,4.2426405,461.7963257,26.81572910658707,0.3078709,0.4619131,1
153,628478.7842824776,1378169.8885350022,6.561182,5.6568542,146.0328217,25.95923063240508,0.1671864,0.5165159,1
154,629161.0494304914,1379272.8514518347,5.3677187,7.2111025,146.0328217,26.183125496121647,0.3128661,0.5022423,1
155,633123.3529718015,1379189.1478351,6.1500697,8.0,146.0328217,26.281383319936936,0.1877885,0.4959783,1
156,630008.6778234029,1381669.3316674307,7.8240461,4.0,146.0328217,27.253207717538544,0.1190883,0.4340234,1
157,630672.0738213798,1373639.9737243392,5.6330328,4.472136,146.0328217,27.117536330074984,0.1101709,0.4426726,1
158,635258.2589491028,1374633.89938841,7.0720077,4.2426405,292.0656433,27.07997080365749,0.1835616,0.4450674,1
159,633420.6529355589,1377040.8110526667,6.4377518,4.0,146.0328217,26.68561806385628,0.1187694,0.4702079,1
160,634197.0069396569,1368763.3032788783,10.3397245,4.0,206.5215912,26.788414603743604,0.1042595,0.4636545,1
161,648036.4019106012,1383527.9403659496,11.5129251,4.0,826.0863647,26.98088525176422,0.185469,0.4513842,0
162,639893.6341022672,1364197.2306388784,5.8680348,13.3416643,146.0328217,25.449010298677024,0.1046707,0.549043,1
163,652211.9578233007,1380117.9866422396,5.6330328,4.472136,851.510376,24.733788064702708,0.1854254,0.5946392,0
164,642806.6932446836,1372662.16523882,6.4377518,4.472136,1177.354248,26.30028653971601,0.1748166,0.4947731,0
165,641011.829843008,1371502.2462811433,7.690515,4.0,146.0328217,27.78682473207357,0.1124336,0.4000047,1
166,643790.971729424,1380739.801834209,14.0165033,4.0,923.5926514,25.700457822843415,0.2424407,0.5330129,0
167,636537.1452295193,1380604.1020007783,4.5933123,12.6491108,206.5215912,26.06748384331144,0.178128,0.5096146,1
168,642165.9922533836,1364576.2199897263,5.9796066,5.8309517,461.7963257,26.98275712660188,0.0890331,0.4512649,1
169,651303.2648858288,1374378.1858377736,6.9771566,5.6568542,935.0662842,25.491707426018248,0.1248069,0.546321,1
170,640387.4228581125,1378773.8115042578,8.8128195,5.0990195,888.282959,25.883132560193133,0.1449814,0.5213672,0
171,647777.1880289847,1377010.926471278,6.4377518,5.6568542,730.1641235,26.283325168234228,0.189082,0.4958545,1
172,656020.5917430595,1373357.180745339,6.1500697,8.0,146.0328217,26.6039766813239,0.1738102,0.4754126,1
173,652328.354658258,1381744.515457293,6.5415716,7.0710678,653.0786133,25.77222464605165,0.2834653,0.5284377,1
174,636949.6132445104,1377176.4875177403,6.1500697,8.0,292.0656433,26.592121919715908,0.1033561,0.4761683,1
175,641273.7183073945,1371333.6657578144,6.0911784,5.6568542,292.0656433,26.552512620963,0.0572519,0.4786935,1
176,646190.0317591606,1377615.3676932268,12.3238554,3.1622777,146.0328217,26.67234877688168,0.1112475,0.4710538,1
177,647992.8258655323,1367655.7649319507,11.5129251,1.4142135,1652.1727295,26.75914305871663,0.1088893,0.4655206,0
178,643590.842126986,1363772.30906507,12.6819191,12.083046,292.0656433,26.13198727392023,0.1457566,0.5055025,1
179,641356.9726065351,1383325.7197034173,5.1748877,7.0710678,526.5288086,26.59673323291304,0.1829441,0.4758744,1
180,653279.2209623475,1373295.0325976443,5.6330328,4.0,146.0328217,25.68474226995573,0.080325,0.5340148,1
181,646256.9854102284,1366676.7641545644,10.791791,4.472136,1898.4266357,26.888935806146435,0.1125908,0.4572461,0
182,650842.999053482,1368508.7038191948,5.6330328,4.472136,292.0656433,27.92183422488085,0.1144749,0.3913977,1
183,649417.619003214,1373260.7734972239,12.377923,4.0,1346.3560791,25.9653144066902,0.2427271,0.516128,0
184,642732.6188257635,1363503.559209207,6.6727538,3.1622777,146.0328217,25.2691256784845,0.0876245,0.5605108,1
185,648611.2723518694,1383055.7353611216,11.8103962,4.2426405,1177.354248,26.97593054176588,0.1150903,0.4517001,0
186,639874.8157449458,1377688.0367190463,9.4334841,5.8309517,292.0656433,27.718110484456247,0.0822499,0.4043853,1
187,637200.3980451049,1365129.8760460597,11.042922,5.0990195,146.0328217,27.850677335431044,0.2429991,0.395934,1
188,645645.080629818,1377531.350000767,12.0260725,9.4868326,326.5393066,26.111070101060307,0.1116587,0.5068359,1
189,646103.7297599735,1375907.9320546035,11.5129251,5.8309517,292.0656433,23.89842311730933,0.158207,0.6478946,1
190,636407.286801857,1374770.740401862,5.3391395,6.0,326.5393066,25.75985730853461,0.2402801,0.5292261,1
191,647128.6586591862,1374762.8870550226,12.6864662,9.0553856,146.0328217,26.710523424328127,0.1478907,0.4686201,1
192,643219.4265175592,1379751.7919897418,5.6857133,4.2426405,292.0656433,26.593526845953647,0.2296651,0.4760788,1
193,643785.1133826681,1368223.6447045617,5.8680348,9.4868326,1032.6080322,26.736771201303497,0.0856291,0.4669468,0
194,640440.5699592205,1383099.5991999411,6.1500697,4.472136,730.1641235,26.056046505224288,0.1083887,0.5103437,1
195,655183.1203654921,1379268.6029708236,5.7446046,4.0,1140.5527344,25.239750220357447,0.141881,0.5623835,0
196,649211.2930371007,1372519.5620400887,6.6727538,8.944272,1256.2218018,26.784843353199108,0.2557209,0.4638821,0
197,643822.0771706607,1364441.2209634148,7.5789428,4.472136,146.0328217,25.675373798032467,0.1480157,0.5346121,1
198,638398.0457623741,1368854.9168679584,7.4774728,8.944272,876.1968994,25.830081157848213,0.1542573,0.5247493,1
199,641406.2601839909,1364159.6455074903,5.6330328,6.3245554,146.0328217,26.39657252689057,0.1199736,0.4886348,1
200,644031.4041196611,1368148.344171034,6.0608659,8.2462111,851.510376,26.90565540574852,0.0812783,0.4561802,1
201,645941.2951053055,1375650.0717752948,9.4334841,1.4142135,584.1312866,26.100347636160848,0.1207227,0.5075195,1
202,639045.2646155395,1377985.0924454238,7.8829379,2.0,438.0984497,25.888360779520607,0.1464115,0.5210339,1
203,641851.1891583279,1374848.7460529672,6.4377518,4.2426405,292.0656433,27.82640942950627,0.1065071,0.3974811,1
204,637744.1601049183,1377433.24221682,5.7446046,8.0,292.0656433,25.870532545141256,0.1020174,0.5221704,1
205,647962.8675643839,1380838.8744119927,11.3793936,1.4142135,730.1641235,27.12289021576976,0.121345,0.4423313,1
206,642652.503647401,1374020.1245910488,13.0170031,9.4868326,206.5215912,26.535355730425408,0.1552433,0.4797873,1
207,650733.2865114436,1376375.8597706277,6.0261517,13.0384045,146.0328217,22.908435809942887,0.147437,0.7110074,1
208,650026.5282600475,1377104.3352957051,11.2252436,3.1622777,146.0328217,25.950124784814815,0.1358516,0.5170964,1
209,639052.9415126983,1378240.4806513283,11.2252436,1.4142135,146.0328217,25.42752963861227,0.1266961,0.5504124,1
210,652461.6421075594,1382919.365761228,9.9623795,1.4142135,206.5215912,26.655534828871335,0.1939676,0.4721257,1
211,638737.367080803,1378151.286644807,5.9796066,6.3245554,146.0328217,25.208087878709875,0.144747,0.564402,1
212,652247.5701339031,1382650.8081981018,10.1266308,3.1622777,146.0328217,26.34344775501296,0.1505856,0.4920216,1
213,640389.4672806608,1381070.9100573268,11.8313789,7.2111025,292.0656433,25.26123719155549,0.104162,0.5610137,1
214,653402.0293483334,1381141.3787430972,10.0756836,4.472136,786.4108276,25.233201954574213,0.2091223,0.562801,0
215,650546.5553468354,1376012.851943042,5.3980312,7.2111025,146.0328217,24.08739103766527,0.0919029,0.6358477,1
216,638870.1780463913,1380201.1025512572,7.1897907,5.6568542,146.0328217,27.21553055801576,0.3012689,0.4364254,1
217,654314.64882275,1372779.8340248968,6.4377518,4.0,584.1312866,25.49891693619196,0.2514915,0.5458614,1
218,647263.6761168689,1376140.0161737818,14.7064838,12.6491108,146.0328217,23.45719315476373,0.1684576,0.6760235,1
219,642942.9957234524,1364358.74639309,5.9796066,3.1622777,206.5215912,25.25991774532804,0.1644429,0.5610978,1
220,648783.4572947975,1378511.918411659,6.7843256,5.6568542,1346.3560791,26.390757032114664,0.0862093,0.4890056,0
221,641523.8395915087,1363706.67768508,4.6322927,12.1655254,206.5215912,24.739939769414438,0.1284022,0.594247,1
222,655500.644077369,1379148.5543468054,12.1415339,4.472136,1306.1572266,25.788115738518343,0.0954318,0.5274246,0
223,647565.0118654892,1374933.8084550668,6.7843256,1.4142135,602.1087646,26.29428559166689,0.2520105,0.4951557,1
224,640730.3454670217,1378645.968697643,5.1748877,7.0710678,979.6179199,26.19647550006636,0.2046572,0.5013912,0
225,637330.8389137192,1369584.4492171127,4.6971316,11.0453606,206.5215912,26.42165974933829,0.2160618,0.4870355,1
226,640308.9858200289,1380973.4604011048,5.1006775,12.1655254,292.0656433,25.67471527249893,0.0970818,0.534654,1
227,640327.5034781443,1375029.5420863123,9.7862692,1.4142135,653.0786133,26.37297471851059,0.0858602,0.4901392,1
228,641813.383611678,1369908.321612248,7.8829379,1.4142135,146.0328217,26.254630312243933,0.1376209,0.4976838,1
229,637606.6931275511,1372450.3551259467,7.0193272,8.944272,292.0656433,25.12646912399822,0.2068681,0.5696054,1
230,639258.1943465257,1381400.763638338,8.2506628,4.2426405,146.0328217,25.674434307528315,0.2480792,0.5346719,1
231,637612.2030930035,1370999.8994986452,10.8197784,5.0990195,1168.2625732,26.28036371561643,0.1163009,0.4960433,0
232,650464.9114291789,1374733.471288005,5.7446046,5.0990195,1177.354248,25.871085639969465,0.170192,0.5221353,0
233,654840.7239104053,1380769.9726544823,6.4377518,3.1622777,2195.3547363,26.444498670441927,0.2021877,0.4855795,0
234,644941.5879000751,1377174.3516629504,5.5315623,8.944272,826.0863647,26.66903537984996,0.1793788,0.471265,0
235,641464.8769128034,1370276.3185103424,5.9796066,4.2426405,146.0328217,25.95439824389979,0.1683135,0.5168239,1
236,639290.7281041378,1364865.8206270707,10.1266308,4.0,619.5647583,25.766888631790152,0.1963284,0.5287779,1
237,640095.0049279276,1363984.6424940415,5.6330328,11.3137083,146.0328217,26.59741944279341,0.2718911,0.4758306,1
238,639164.4878654331,1381659.5221767034,15.4021912,1.4142135,146.0328217,25.381280803989,0.2734123,0.5533608,1
239,643665.8403309686,1379486.9813724568,13.6675901,4.2426405,206.5215912,26.05285197241443,0.1245771,0.5105474,1
240,647542.7804596582,1372209.0415968727,5.3980312,5.6568542,206.5215912,27.029392231871952,0.2166302,0.4482919,1
241,653699.1959435111,1381126.7292598244,6.8432169,4.0,1063.1350098,25.98799166576424,0.1661621,0.5146824,0
242,637269.4636888243,1364682.1712744571,5.6857133,4.2426405,292.0656433,24.04529050410872,0.1335763,0.6385316,1
243,652050.2714193482,1379413.5753028505,11.7360687,4.472136,1112.152832,25.861966429830037,0.220571,0.5227166,0
244,640575.9777636006,1378775.199968066,5.6857133,4.472136,1032.6080322,25.220328783570157,0.1138554,0.5636217,0
245,656249.6570610628,1379724.7511481922,11.042922,4.0,2229.0942383,26.09933534728464,0.2074674,0.507584,0
246,653677.194849953,1373479.7142131869,6.6004629,8.0,326.5393066,25.181879861047605,0.0588487,0.5660728,1
247,636168.8649004903,1370733.3841342255,12.377923,2.0,146.0328217,25.318942442160903,0.3568136,0.557335,1
248,636239.8606480053,1380421.29836265,5.6857133,7.0710678,146.0328217,26.146233641607296,0.1238938,0.5045942,1
249,636458.0095732175,1378189.945676636,11.6665821,3.1622777,146.0328217,26.7746099437158,0.2107737,0.4645345,1
250,643682.8539965302,1364119.4109592491,6.8432169,4.0,292.0656433,26.139912595470207,0.1690331,0.5049972,1
251,648601.3617315693,1368518.7213813495,12.6115379,2.0,1314.2954102,26.821252403513316,0.1924334,0.461561,0
252,652574.4719227673,1381035.2494797297,11.042922,4.0,206.5215912,24.800455350464915,0.1495082,0.5903891,1
253,637691.4988720091,1373010.8813705463,14.53335,2.0,146.0328217,26.47756382233308,0.3112326,0.4834715,1
254,640103.1205547266,1379195.2908637356,5.1552773,7.0710678,730.1641235,26.323048960512608,0.1054343,0.493322,1
255,640411.2486823751,1372632.8408338502,6.4377518,8.0,146.0328217,26.428104695482773,0.2470105,0.4866246,1
256,647038.6938970685,1375679.184000712,8.5760851,7.2111025,292.0656433,23.30002082759609,0.129157,0.6860434,1
257,651256.902881329,1378149.9050998015,11.8313789,10.7703295,1460.3282471,25.541426875682816,0.107159,0.5431513,0
258,650960.8755792361,1373992.37642161,8.3937635,1.4142135,526.5288086,26.396154793183033,0.1180819,0.4886614,1
259,646900.276266627,1374962.9931257162,5.6330328,4.472136,206.5215912,26.19824983151221,0.1622409,0.5012781,1
260,638643.972306123,1378390.8038198687,5.6857133,4.2426405,206.5215912,26.879171518103533,0.1546357,0.4578686,1
261,643662.4782380117,1379337.646738818,7.8829379,5.8309517,326.5393066,26.438824037075392,0.1289356,0.4859412,1
262,648310.8032251261,1383115.2129413523,6.7843256,7.0710678,888.282959,26.88229448417667,0.1133019,0.4576695,1
263,652674.0887667583,1374648.8590299413,9.4334841,1.4142135,1503.4998779,24.42688591014337,0.1947195,0.6142046,0
264,644487.6466420619,1364833.5969468057,12.65236,5.0990195,653.0786133,25.447858789044744,0.1687966,0.5491164,1
265,650898.9793062806,1368614.841851415,7.4774728,1.4142135,206.5215912,27.80114846619705,0.2033866,0.3990915,1
266,643105.1713764211,1366680.2132861074,9.805048,4.0,584.1312866,26.234985548046552,0.1039247,0.4989362,1
267,650576.5658433344,1380503.1335536316,5.9796066,3.1622777,1467.6116943,24.961594297112473,0.1118756,0.5801163,0
268,651158.8445846094,1368733.561670255,10.2183123,10.2956305,292.0656433,27.92579168490249,0.1350394,0.3911454,1
269,649855.1604147935,1379830.2024826445,11.7877493,3.1622777,1032.6080322,26.30084641414908,0.1824462,0.4947375,0
270,637032.0603931621,1377296.7171936538,5.6857133,4.2426405,206.5215912,26.252331835358405,0.1026616,0.4978303,1
271,640990.6548641892,1371468.803101724,7.3540425,4.472136,146.0328217,28.014793133896436,0.1226415,0.3854715,1
272,641109.000813216,1364125.1910445876,5.3677187,4.2426405,292.0656433,26.558345736423178,0.2288937,0.4783216,1
273,638229.3487470169,1377588.773464838,6.8432169,8.2462111,146.0328217,25.98306737626558,0.0863878,0.5149962,1
274,650786.5417864723,1375790.4709545616,5.9796066,5.6568542,526.5288086,25.17247084234782,0.111145,0.5666727,1
275,644436.7676537959,1366843.0759641845,6.466331,8.944272,438.0984497,26.249042255930533,0.0896047,0.4980401,1
276,650165.5721762814,1365182.6088613477,6.5415716,5.6568542,438.0984497,25.752991892317823,0.2118829,0.5296638,1
277,644926.2587787239,1374906.444807639,10.5320959,4.2426405,1140.5527344,26.32918618897816,0.1428571,0.4929308,0
278,652348.2884714575,1374118.5841541924,14.4441195,7.2111025,1346.3560791,25.2916955761234,0.0593021,0.559072,0
279,640561.3826465169,1382456.9260634296,5.9796066,3.1622777,461.7963257,26.644817423917573,0.109908,0.472809,1
280,637154.1246878505,1380676.4646713417,7.2424707,4.0,292.0656433,23.692209291607696,0.209317,0.661041,1
281,643655.9935457492,1365858.305234041,15.3168058,4.0,744.6242065,26.52351536673183,0.1592069,0.4805421,1
282,646599.71172933,1382394.3564365096,5.6330328,5.8309517,292.0656433,26.894063856281488,0.0787535,0.4569192,1
283,646074.3272618446,1375954.3981578648,5.7957439,11.4017544,292.0656433,24.019819688053417,0.1430198,0.6401555,1
284,638644.1631281868,1377929.977628369,11.5129251,8.0,206.5215912,25.56598332556399,0.1074507,0.5415858,1
285,637266.1684674183,1380521.7018536811,5.5018506,6.0,146.0328217,25.819115153753327,0.198436,0.5254484,1
286,646541.6539965244,1377618.2939474375,11.042922,5.0990195,461.7963257,26.792554964539647,0.0773089,0.4633905,1
287,638415.5712551754,1378841.1911283024,6.32618,7.6157732,146.0328217,26.80848912146672,0.089679,0.4623747,1
288,655320.4962773556,1381103.3220102657,5.1552773,7.2111025,2644.7668457,27.21740557657631,0.1419087,0.4363058,0
289,650452.3812988894,1376921.3682172075,5.1552773,7.0710678,146.0328217,24.587604093221277,0.1380471,0.6039585,1
290,656046.3453556355,1378356.1800950859,10.5320959,5.6568542,1758.4680176,25.014282768160168,0.1499556,0.5767573,0
291,641154.0763275567,1380273.7085470092,9.5569143,5.8309517,1177.354248,26.15864112471121,0.0798412,0.5038032,0
292,647273.8480076119,1374795.8111895416,11.3793936,4.0,292.0656433,26.252858017874075,0.1644725,0.4977968,1
293,651260.1271790992,1368531.3050563463,9.5775337,4.2426405,146.0328217,27.49948744467412,0.1452043,0.4183228,1
294,643358.3654312575,1364200.8536006436,5.5315623,9.8994951,146.0328217,26.032963834223267,0.1530856,0.5118153,1
295,647031.2275868757,1383127.5090492927,14.9864435,5.6568542,413.0431824,26.629965977930624,0.2118876,0.4737557,1
296,647077.2915225552,1376129.4308306668,5.5753775,11.4017544,206.5215912,23.664447774412,0.1772531,0.6628108,1
297,642559.5651409319,1368319.527893085,6.5493236,8.944272,1524.6274414,26.32751515818956,0.1120838,0.4930373,0
298,640877.0229016496,1378962.351324385,13.262125,4.0,1032.6080322,26.479728359803634,0.1627541,0.4833336,0
299,649792.4983941931,1381374.1104615629,5.9796066,4.472136,1032.6080322,26.735553819811745,0.214637,0.4670244,0
300,647846.3779234579,1366788.0323358623,9.4334841,4.472136,2285.7751465,25.93218607146173,0.1594513,0.51824,0
301,650321.4327283558,1376859.824941,6.4377518,4.0,146.0328217,24.354684757525547,0.1335113,0.6188074,1
302,648780.2746663401,1382273.9591931847,5.6330328,1.4142135,1438.2564697,27.318283753960145,0.1559474,0.4298747,0
303,644004.0843574181,1365329.2823005652,5.8680348,7.6157732,206.5215912,26.34875373348996,0.0985916,0.4916833,1
304,651336.3400612306,1365280.27440276,5.3677187,5.8309517,744.6242065,26.054816955409933,0.0524567,0.5104221,1
305,646633.3029758763,1366412.933707932,12.8346815,3.1622777,2285.7751465,26.233076984116565,0.1417202,0.4990579,0
306,652920.2274039211,1379066.4458224475,7.9882984,5.6568542,206.5215912,26.765745191878693,0.1522608,0.4650997,1
307,652037.3957578512,1377698.7034014051,5.1552773,7.0710678,1612.9852295,25.30619560189268,0.1500526,0.5581476,0
308,643384.0370944478,1366846.0854510367,9.9623795,1.4142135,326.5393066,25.22393490722311,0.0573267,0.5633917,1
309,636294.3062291956,1376909.9865413995,4.6971316,7.0710678,146.0328217,27.592439722011136,0.111647,0.412397,1
310,650035.0404503876,1365910.663251996,11.1386614,5.8309517,935.0662842,26.44006297506621,0.1389308,0.4858623,1
311,636222.4734892063,1379284.4178539272,6.2735,4.0,146.0328217,27.90838885947284,0.1574561,0.3922548,1
312,648136.7068054453,1367971.114176832,9.1822205,9.4868326,1503.4998779,26.691426845057265,0.0784122,0.4698375,0
313,644364.5373984445,1366111.1482376177,10.1266308,6.0,730.1641235,26.55569105640251,0.0788961,0.4784908,1
314,648540.6016882509,1374123.1300425828,9.4923754,11.3137083,1572.8216553,26.786626344551447,0.3729903,0.4637685,0
315,654259.0775788976,1372818.3310768604,5.6330328,4.472136,584.1312866,25.436399878499174,0.1269621,0.5498469,1
316,644815.6645730231,1367435.6058703624,12.0725412,5.8309517,292.0656433,26.992638077676588,0.2173581,0.450635,1
317,654972.6345748799,1379437.6077938732,6.8432169,4.2426405,1140.5527344,25.314749337281167,0.1298462,0.5576022,0
318,641120.4230341986,1383244.92334841,7.0720077,4.2426405,526.5288086,26.563445767923383,0.2313532,0.4779965,1
319,637962.6127951816,1377758.5016606878,11.9984331,3.1622777,146.0328217,27.172822804435786,0.1085563,0.439148,1
320,641404.3346083537,1370245.3518284354,11.2252436,4.0,146.0328217,25.841703159665883,0.1909107,0.5240083,1
321,650306.8639417803,1377207.2390984856,12.3238554,4.0,292.0656433,25.338465769052675,0.1993133,0.5560903,1
322,652187.7409382006,1374088.5579501446,5.6857133,4.2426405,1503.4998779,25.27856906403281,0.1072578,0.5599088,0
323,640785.5455004042,1365989.0096500162,11.9984331,1.4142135,1898.4266357,26.555063186492987,0.1108038,0.4785309,0
324,637542.8253903912,1372109.2926723731,7.130899,2.0,146.0328217,25.455807264635723,0.3963946,0.5486096,1
325,651548.2337349121,1379235.2992438488,13.4854717,4.2426405,1489.2484131,26.47712769868491,0.1336865,0.4834993,0
326,643734.0366333406,1364282.6726002488,6.4377518,4.0,206.5215912,26.012792349038136,0.1453449,0.5131012,1
327,650706.9598912587,1376884.6655968723,10.5320959,1.4142135,292.0656433,23.944686127518025,0.1151,0.6449453,1
328,639381.1009680051,1373029.1583180611,5.6330328,4.472136,146.0328217,24.884592259951265,0.1545701,0.5850253,1
329,654530.1567627536,1378632.6596470175,11.3793936,3.1622777,206.5215912,24.22549562381539,0.2723295,0.6270434,1
330,647663.1374384249,1378621.1933193111,6.4377518,4.0,923.5926514,26.452024927831133,0.0977323,0.4850997,0
331,636755.5227469009,1377002.9984388873,7.6703038,8.944272,146.0328217,27.25930223902992,0.1007878,0.4336348,1
332,647225.5752065647,1377856.424340665,10.1266308,10.2956305,146.0328217,27.306916486178523,0.1153846,0.4305994,1
333,643429.0880935965,1367143.2472329324,5.9796066,3.1622777,526.5288086,25.321590174289557,0.0652482,0.5571662,1
334,637248.8446198693,1364705.9358438847,13.1223631,1.4142135,292.0656433,24.092041644009495,0.1485799,0.6355512,1
335,640435.8701010859,1381474.8989383,11.8313789,2.8284271,146.0328217,26.437049154552994,0.1917604,0.4860544,1
336,640365.4885539478,1377376.3194737602,6.3788605,3.1622777,292.0656433,26.532080673915573,0.2903842,0.479996,1
337,651777.4463893007,1382826.8890934587,6.8857956,7.2111025,292.0656433,26.697828032226937,0.1598949,0.4694295,1
338,638907.7718200115,1372857.291114848,11.8313789,1.4142135,146.0328217,25.865738835596403,0.1186299,0.5224761,1
339,639930.0571118081,1377478.4018229768,5.1006775,8.944272,206.5215912,26.558952190358696,0.1105984,0.4782829,1
340,646983.4272536775,1375321.45959457,6.0322866,6.0,146.0328217,24.869086257116976,0.1865658,0.5860138,1
341,645647.6818949161,1377757.011860121,5.6330328,4.472136,146.0328217,26.576360385362022,0.0912194,0.4771731,1
342,643634.8373169107,1363950.1483582016,10.1266308,1.4142135,292.0656433,26.172811205634503,0.2327609,0.5028999,1
343,639362.3910350511,1364018.1941540968,11.2252436,6.0,206.5215912,24.787644929393597,0.1877901,0.5912057,1
344,643276.4699857272,1364238.7732744813,7.4774728,1.4142135,146.0328217,25.675506131516386,0.1303852,0.5346036,1
345,641741.6845812248,1369827.5305439718,5.2864594,7.0710678,292.0656433,26.11452112247156,0.1236749,0.5066159,1
346,644449.9776554741,1366887.2796731552,4.9398856,8.944272,438.0984497,26.14822095380299,0.0755766,0.5044675,1
347,646477.2320269495,1376228.4416973572,9.6746969,9.8994951,292.0656433,23.162463172720493,0.1325416,0.6948129,1
348,647157.0433166353,1379810.3204127736,7.4032626,8.944272,786.4108276,27.01039943622328,0.1418825,0.4495027,1
349,654585.2755371686,1378562.0668282171,11.6072273,4.472136,292.0656433,25.8282116892085,0.2157235,0.5248685,1
350,653886.1895895777,1373052.2409541456,5.1006775,7.6157732,206.5215912,24.583218916107167,0.2950047,0.6042382,1
351,642564.4531391328,1373629.6800460627,6.4966435,5.8309517,326.5393066,28.700976431866646,0.1796935,0.3417265,1
352,637897.7735995939,1364377.0177379288,5.3677187,5.8309517,602.1087646,26.59867442083868,0.1020794,0.4757506,1
353,643810.9101862051,1373962.7992303316,6.4377518,4.472136,146.0328217,26.023629490292365,0.128907,0.5124104,1
354,653549.988448414,1378597.8114136606,11.8313789,5.0990195,326.5393066,26.76040802157098,0.0865596,0.4654399,1
355,644139.2172184056,1374178.6582838632,7.0720077,4.2426405,206.5215912,25.922473757471607,0.1231964,0.5188591,1
356,637272.6691943426,1363702.9071220327,11.042922,4.472136,602.1087646,26.348421396316557,0.1448038,0.4917045,1
357,643691.4898830522,1379263.4327579197,9.4334841,4.0,326.5393066,26.860835920338783,0.1137846,0.4590375,1
358,647704.7995799687,1367482.9900539238,12.2666969,4.2426405,1579.5864258,25.50656186886061,0.2877996,0.545374,0
359,643156.7973724799,1366391.0557243116,8.4526548,12.1655254,526.5288086,25.995703041635693,0.1355792,0.5141907,1
360,656583.3174188407,1372817.5559320245,7.4774728,1.4142135,146.0328217,27.233691139628604,0.1711831,0.4352676,1
361,649200.4795090035,1374550.7874242924,12.0725412,1.4142135,1764.5212402,25.88247560072608,0.1066667,0.521409,0
362,654826.4392494243,1374681.9414005503,11.5129251,8.485281,1665.0302734,26.14547298847117,0.1165258,0.5046427,0
363,646028.3493264876,1375893.6833622083,9.4233828,13.0384045,292.0656433,25.558961022090784,0.1723622,0.5420335,1
364,641013.7027352313,1364196.2908538524,11.2266302,3.1622777,206.5215912,25.857559012272475,0.2278869,0.5229976,1
365,638949.593168173,1380149.7624277417,5.8680348,4.0,206.5215912,26.40984814347013,0.2287256,0.4877885,1
366,640000.6485778494,1380277.908158781,9.3466053,4.472136,1063.1350098,26.69504482692008,0.0639891,0.4696069,0
367,647558.625102926,1375720.212282313,5.3391395,6.0,206.5215912,25.25483741379708,0.1565581,0.5614218,1
368,637536.8332948145,1372180.6547362767,7.2424707,4.472136,146.0328217,25.45737682230947,0.4141578,0.5485096,1
369,650742.358253031,1380291.5483947024,6.7843256,1.4142135,1776.565918,26.295389272393553,0.1467379,0.4950854,0
370,637021.5611088062,1369345.485655032,12.4780064,3.1622777,619.5647583,27.15859653178421,0.2394107,0.440055,0
371,637511.1604018089,1380579.2933235057,5.8484244,7.2111025,146.0328217,25.24311687228635,0.1148582,0.5621689,1
372,650309.1428662622,1379715.5931769349,6.8432169,4.0,1579.5864258,26.714356364541004,0.1694195,0.4683757,0
373,653784.1722974228,1378143.6893508919,5.1006775,7.6157732,206.5215912,27.511061294801262,0.1294469,0.4175849,1
374,639711.8414326869,1364490.405852612,8.5760851,1.4142135,146.0328217,24.626195319997574,0.1603462,0.6014984,1
375,639899.0133477282,1378704.1885462643,9.7840729,8.944272,292.0656433,26.43378868762511,0.1691343,0.4862623,1
376,637574.2162900213,1369936.4253070448,4.5933123,8.944272,146.0328217,27.878087557303445,0.2322979,0.3941866,1
377,649917.8064008625,1376295.6714584455,11.3793936,7.2111025,146.0328217,23.822076971025524,0.2363736,0.6527618,1
378,637867.1948557245,1372186.8169485012,5.6330328,7.2111025,146.0328217,25.012963219981657,0.2303101,0.5768415,1
379,638493.4645374911,1369204.828654803,4.7541041,10.7703295,602.1087646,25.38042679727528,0.1464473,0.5534153,1
380,651033.1122970617,1380755.0633771755,5.1748877,7.0710678,1612.9852295,26.301382075773237,0.1535798,0.4947033,0
381,654733.4818018692,1375873.7710796297,11.7416582,4.472136,1346.3560791,26.612140546089336,0.1454844,0.4748921,0
382,654219.5508023379,1380568.0462308023,20.6397629,5.6568542,1489.2484131,25.68456639146183,0.147257,0.534026,0
383,640334.6041573193,1379082.4250355568,5.3677187,5.8309517,851.510376,26.127845628517832,0.1050645,0.5057665,1
384,648543.042539374,1380851.8066398983,5.1748877,7.0710678,584.1312866,26.59955883637673,0.1520541,0.4756942,1
385,648017.1084213313,1381015.932725452,12.377923,4.472136,851.510376,26.90032706746848,0.1196865,0.4565199,1
386,654862.3300233344,1374836.56664066,5.5018506,3.1622777,1782.5577393,25.807246770434062,0.1234383,0.526205,0
387,639188.7938629957,1381734.6882822455,4.6971316,8.944272,292.0656433,26.036850701098103,0.1022347,0.5115675,1
388,654333.0603071386,1375763.417248806,9.4334841,7.0710678,1177.354248,25.811684149459207,0.1065934,0.5259221,1
389,647365.9637046158,1375262.0744819955,6.7843256,4.472136,146.0328217,25.291583357258503,0.1457462,0.5590791,1
390,641062.1412932938,1363473.4914454594,6.0322866,2.0,602.1087646,25.13330192128149,0.1564159,0.5691698,1
391,638031.8056270843,1379147.749614393,5.6330328,4.472136,326.5393066,26.25837026276787,0.1517704,0.4974454,1
392,643844.0239538383,1379423.33387997,12.8992195,1.4142135,292.0656433,26.6510570043705,0.1372489,0.4724112,1
393,639979.3488601102,1382294.2360106222,10.5320959,3.1622777,923.5926514,25.635611837474695,0.081956,0.5371469,1
394,653035.2660284257,1373726.093939252,12.6363335,3.1622777,619.5647583,26.35891221274119,0.0706904,0.4910357,1
395,636674.838178426,1374814.756019067,5.1006775,7.6157732,326.5393066,26.456638087132603,0.2163743,0.4848056,1
396,655042.138884576,1379650.6674380414,10.7998877,7.6157732,1377.6708984,25.978849713311888,0.142904,0.5152652,0
397,656208.4331701845,1372874.8778296243,5.3677187,5.6568542,146.0328217,25.68820195233019,0.3312752,0.5337942,1
398,655446.4599712137,1380888.6661934592,7.9418292,9.0553856,2612.3144531,26.54558077629701,0.2363494,0.4791354,0
399,645093.3541272022,1366405.7356969211,9.4334841,4.0,1177.354248,25.511463508631607,0.1253313,0.5450615,0
400,647221.0147924926,1382939.0934392735,6.7185373,12.083046,292.0656433,26.941842985905566,0.1259324,0.4538732,1
401,645010.8646476455,1377422.0677806083,12.3238554,4.472136,935.0662842,26.86463211052512,0.1177132,0.4587955,1
402,647054.9020085223,1376134.6803975664,4.7541041,8.944272,206.5215912,23.664447774412,0.1572081,0.6628108,1
403,655967.758604682,1379272.2596022673,9.636425,8.0,1764.5212402,25.82476660587355,0.105644,0.5250881,0
404,644128.3971856842,1374011.7014191207,11.042922,2.0,146.0328217,25.822520149684465,0.1208323,0.5252313,1
405,639135.3108716961,1364334.7372374292,5.1552773,10.2956305,461.7963257,26.642679054336497,0.112179,0.4729452,1
406,641779.5942381276,1363781.2373024188,11.3793936,2.0,146.0328217,23.957394325874134,0.1535117,0.6441351,1
407,642387.8599573113,1370114.77842558,8.1768312,6.3245554,292.0656433,26.780103675859888,0.2093849,0.4641843,1
408,641007.2573478064,1371656.5958857257,16.9039249,7.2111025,206.5215912,28.004174314489774,0.1641689,0.3861484,1
409,647409.7141891392,1378032.6636122707,5.7446046,4.0,206.5215912,25.612549390957952,0.1814604,0.5386171,1
410,641836.1788163288,1373039.409136055,11.9984331,4.2426405,730.1641235,25.50284181251999,0.2057599,0.5456111,1
411,642916.7343095178,1364682.416034307,8.3937635,4.2426405,206.5215912,26.373385100456005,0.1068429,0.490113,1
412,648911.5485725654,1366039.6524324622,8.8800993,4.0,1959.2358398,26.28995718747808,0.146711,0.4954317,0
413,639012.5095220449,1378294.2709587496,5.3677187,5.8309517,146.0328217,25.515756752321575,0.1597973,0.5447878,1
414,650871.4100140389,1374581.5172811318,12.8992195,4.472136,1032.6080322,25.4785589792906,0.1651965,0.5471593,0
415,644162.7924497947,1368194.6514062788,6.6727538,12.6491108,851.510376,26.861610751602257,0.1177037,0.4589881,1
416,642700.3377271127,1374028.6734234672,12.0725412,7.2111025,206.5215912,28.303276367774455,0.1405836,0.3670803,1
417,646417.6848115772,1377551.6503261346,11.3793936,4.0,413.0431824,26.69027362251592,0.119325,0.469911,1
418,655204.6448922325,1380165.0752142312,7.8526254,4.472136,1829.7860107,26.61825616581393,0.212819,0.4745023,0
419,644097.7993782489,1364400.7836072163,12.1415339,5.8309517,206.5215912,24.02623774798837,0.178041,0.6397463,1
420,638472.9382059593,1369515.0431106929,6.7540131,5.8309517,326.5393066,26.622709273236183,0.3117056,0.4742184,1
421,648077.872016795,1381063.4491629358,11.3793936,4.472136,851.510376,26.708487629647554,0.1179169,0.4687499,1
422,641055.1976978201,1371493.7650830653,5.6857133,4.2426405,146.0328217,27.9223115260146,0.1298406,0.3913673,1
423,638340.5439927485,1378278.438535422,10.3616629,3.1622777,146.0328217,27.158969046748723,0.2060406,0.4400312,1
424,645729.7487224191,1377765.2978623472,10.1266308,7.2111025,146.0328217,26.634940291312944,0.1051931,0.4734386,1
425,643548.3292174907,1380192.200931847,15.4299364,5.8309517,292.0656433,27.10169851035306,0.1220015,0.4436823,1
426,649749.6940962598,1366204.696372602,5.3677187,5.8309517,1346.3560791,27.188003458142926,0.2394942,0.4381802,0
427,637551.4464968471,1377212.4402162489,5.6330328,4.472136,206.5215912,26.126793364622472,0.0807577,0.5058336,1
428,654659.8760883082,1378612.195052242,11.6307087,4.2426405,292.0656433,26.24410188314863,0.2106255,0.498355,1
429,649988.9036136195,1368877.8241723068,5.8680348,7.0710678,146.0328217,26.85234913885256,0.4046696,0.4595785,1
430,642707.3947112774,1369421.3718467634,6.0911784,2.8284271,653.0786133,25.979281940571127,0.2004548,0.5152376,1
431,643726.630998794,1373789.0487909687,7.5890446,3.1622777,146.0328217,26.962938772007877,0.2104906,0.4525284,1
432,639504.6003848054,1364822.7164962776,5.1748877,5.6568542,461.7963257,25.64872248401582,0.1122897,0.5363111,1
433,641771.675697132,1366614.1099181734,7.365901,3.1622777,1239.1295166,25.79228777312494,0.1622153,0.5271587,0
434,643375.937010631,1364355.7612824552,5.1006775,7.6157732,292.0656433,26.103730327109705,0.1095106,0.5073038,1
435,650987.2669207769,1368655.2565918006,4.6971316,11.4017544,206.5215912,27.92292323814769,0.1205699,0.3913283,1
436,651159.09464656,1379876.2392976116,11.3267136,7.0710678,1904.0350342,25.967269089613975,0.2742957,0.5160034,0
437,641338.0238255681,1382581.058719214,5.5904541,14.0,146.0328217,28.11215282557714,0.0797534,0.3792647,1
438,653632.4482025217,1373436.7962213233,6.1500697,7.0710678,206.5215912,25.132929989709798,0.1011815,0.5691935,1
439,638309.2333575506,1379019.642851157,8.2295113,4.0,146.0328217,26.70547940054541,0.1338348,0.4689417,1
440,643717.1010889905,1380066.167017836,5.6330328,5.6568542,206.5215912,26.89846949617765,0.1381863,0.4566383,1
441,640902.1101471791,1363094.3800263293,12.7973261,8.0,876.1968994,24.918916265834586,0.1782705,0.582837,1
442,646416.8845808543,1377880.2481817007,6.4377518,4.0,292.0656433,27.697443358982863,0.1231133,0.4057029,1
443,641438.4427225245,1371881.898719415,7.130899,8.0,619.5647583,25.861946698352423,0.1533552,0.5227178,1
444,648019.3893683851,1372282.5557717867,10.5320959,2.0,292.0656433,25.134297095442435,0.0217693,0.5691063,1
445,643846.9705290962,1367714.4860936925,6.4966435,5.6568542,744.6242065,26.2814791188963,0.1965336,0.4959722,1
446,642630.0505973231,1369370.0510023553,7.2951512,8.485281,619.5647583,26.262640106027728,0.1012584,0.4971732,1
447,646924.0782863273,1374819.484954169,6.8432169,4.0,146.0328217,26.274789474051087,0.1820164,0.4963986,1
448,653571.9294213308,1378758.80130776,8.7302361,7.0710678,206.5215912,26.73022361443651,0.0984166,0.4673642,1
449,639532.6852027327,1363806.9423933027,5.9796066,7.0710678,146.0328217,26.61215618501518,0.1183144,0.4748911,1
450,642922.602885006,1364459.5681589935,5.3677187,5.6568542,146.0328217,25.102703252980348,0.0965441,0.5711204,1
451,632275.8488784656,1385979.5947599728,10.7733097,1.4142135,730.1641235,25.385345318418047,0.163504,0.5531017,1
452,633433.3809270961,1384435.7149449233,11.9183903,4.0,1758.4680176,26.70979983935848,0.1099384,0.4686663,0
453,620636.6422755495,1387485.603158699,6.1500697,7.0710678,146.0328217,24.794742138977146,0.2215783,0.5907533,1
454,623140.3636893481,1383886.9884329103,13.8029318,4.0,146.0328217,24.860981187643237,0.15877,0.5865305,1
455,636035.7704320634,1388447.911638325,9.4951267,5.0990195,326.5393066,25.4008997923184,0.1222318,0.5521101,1
456,619950.0450664768,1387132.951742079,6.7843256,1.4142135,146.0328217,22.35827303970956,0.2768464,0.7460809,1
457,621290.3067960992,1386497.5802991071,5.3677187,5.0990195,206.5215912,23.996285697996317,0.090992,0.6416558,1
458,619441.5927743465,1387888.7796135936,6.888145,7.0710678,526.5288086,25.202679646427555,0.2198944,0.5647469,1
459,616009.5039758151,1387835.7261609267,6.6004629,4.472136,206.5215912,25.75703710892577,0.4436422,0.5294059,1
460,630916.2165072225,1384470.8571225163,6.8432169,4.0,526.5288086,27.465331506584903,0.1146004,0.4205002,1
461,615675.6244708691,1387597.3354004715,11.4852352,4.2426405,146.0328217,25.422845291851104,0.373711,0.550711,1
462,625909.913808668,1384192.935353171,6.9771566,7.6157732,146.0328217,26.653375103678517,0.1218755,0.4722634,1
463,620582.4360219808,1384876.132592475,6.6727538,8.944272,146.0328217,25.644786134068056,0.2772411,0.5365621,1
464,631596.478348624,1384104.7059486136,5.7446046,8.0,206.5215912,27.60123476738352,0.1149746,0.4118363,1
465,634866.0041641993,1386664.65596503,9.8288479,3.1622777,619.5647583,27.24540332585184,0.1558167,0.4345209,1
466,625252.5262131859,1384710.0873180851,4.9398856,5.8309517,326.5393066,25.1789250543676,0.2196158,0.5662612,1
467,618747.6945325509,1387056.7248411216,6.7843256,1.4142135,923.5926514,24.791140707391207,0.1253764,0.5909829,0
468,631526.5965195717,1384134.7768414803,10.5320959,8.2462111,206.5215912,27.568547748252627,0.1124471,0.4139201,1
469,633894.0323213227,1389999.0493941791,12.8674707,1.4142135,526.5288086,25.10151462639448,0.1744589,0.5711962,1
470,632009.9697931027,1392526.2515877113,15.0540657,7.6157732,653.0786133,26.803148570407128,0.2125706,0.4627151,1
471,632164.8410806982,1383699.3361629304,5.9796066,5.6568542,292.0656433,27.609192681099895,0.2028836,0.4113289,1
472,635595.5530388374,1388292.552769985,12.2666969,4.2426405,292.0656433,24.95173232018533,0.1099971,0.580745,1
473,634374.4502452593,1386439.8343973197,5.1006775,7.6157732,146.0328217,26.632988172084826,0.1568192,0.4735631,1
474,635788.4207500536,1387291.860520266,11.3793936,4.0,461.7963257,25.400876657005423,0.0729499,0.5521115,1
475,620615.3444374586,1386630.1263600811,6.4966435,4.0,146.0328217,24.779430146027835,0.2149943,0.5917295,1
476,628798.7193329511,1384213.1548602283,5.1552773,7.2111025,438.0984497,26.884704089384684,0.1527491,0.4575159,1
477,629683.6492871473,1384355.7067241983,12.1415339,5.8309517,786.4108276,26.587615078161665,0.2187886,0.4764557,0
478,629638.7911299812,1384361.2001892775,12.1415339,4.0,786.4108276,26.41825047974396,0.2086811,0.4872528,0
479,634707.3024630435,1386559.7625398599,10.5122061,8.0,413.0431824,27.120891275723466,0.1876152,0.4424587,1
480,615907.3577772006,1387415.1808286812,5.7446046,4.0,146.0328217,26.19184124330297,0.52501,0.5016867,1
481,625093.5825871294,1385192.451811878,13.7375488,3.1622777,146.0328217,24.984103488405083,0.1941233,0.5786813,1
482,620119.8347780127,1387734.9001862817,8.3937635,3.1622777,206.5215912,24.972682411345037,0.3185678,0.5794094,1
483,618595.026078281,1385031.6504957825,7.365901,3.1622777,206.5215912,27.685569439558886,0.234478,0.4064598,1
484,624693.7049801471,1384284.77633721,12.377923,3.1622777,730.1641235,26.473438857629503,0.1567229,0.4837345,1
485,632535.763297136,1392464.9144686123,5.5315623,9.8994951,206.5215912,26.782412919296974,0.1731897,0.4640371,1
486,621348.925954639,1384258.4857633002,10.9890184,4.472136,146.0328217,22.693451350748543,0.3064133,0.724713,1
487,624026.8627611017,1386587.851914648,15.3386221,4.0,292.0656433,26.60370206764497,0.1523223,0.4754301,1
488,621661.8025541147,1386524.690475134,10.8197784,4.472136,146.0328217,26.492950745328585,0.210911,0.4824906,1
489,634559.4419999951,1386250.677037526,12.2060728,4.0,146.0328217,27.76654904545421,0.1341547,0.4012973,1
490,635043.6424723109,1387270.1719235145,16.3639793,5.6568542,730.1641235,26.851646494544752,0.1112285,0.4596234,1
491,616124.8884698208,1387442.4605280608,6.7843256,4.2426405,292.0656433,26.639313662785355,0.4409554,0.4731598,1
492,616406.0322744371,1388396.490807416,6.3788605,4.2426405,730.1641235,25.937520643810046,0.2118542,0.5178999,1
493,633417.947880622,1384426.872685749,12.2666969,4.0,1758.4680176,26.8038072990048,0.1372248,0.4626732,0
494,625734.2397832694,1383733.3960023876,13.2836313,3.1622777,146.0328217,26.754599451753226,0.0966728,0.4658102,1
495,628201.8701793356,1395759.7492073644,5.3980312,4.472136,2065.2160645,25.722856931354897,0.4352733,0.531585,0
496,623561.2662389083,1384684.9256351124,10.8197784,4.2426405,923.5926514,23.458413830000723,0.2078025,0.6759457,0
497,626478.5199402906,1383903.3084233385,11.5129251,7.2111025,146.0328217,25.99829942724313,0.0827787,0.5140252,1
498,621521.0340725677,1384150.9744912628,5.3677187,5.8309517,146.0328217,20.831449194420543,0.1449792,0.8434176,1
499,633532.4330520099,1389931.696584126,5.6857133,4.2426405,438.0984497,26.097744629390945,0.1678531,0.5076854,1
500,624760.0091416881,1383580.5184163377,13.4037762,8.0,326.5393066,25.155119573196203,0.1042325,0.5677788,1
501,617838.2448170112,1389487.6216516811,5.9796066,1.4142135,2583.5842285,26.6975796794066,0.1806114,0.4694453,0
502,622710.322633964,1384162.3010945132,11.6307087,4.0,206.5215912,25.964480102446487,0.2477477,0.5161812,1
503,632319.9566349173,1394377.6379228067,6.6608953,8.0,1177.354248,25.797389006387505,0.1905295,0.5268334,1
504,633586.1168534281,1385964.1700000968,13.0710697,8.485281,461.7963257,26.44107284546419,0.1354178,0.4857979,1
505,618138.44284405,1384887.2550538536,5.8680348,9.0553856,206.5215912,25.720283974399194,0.0971805,0.531749,1
506,621799.560707882,1390392.4033525474,6.7843256,1.4142135,2028.7528076,26.371617624167182,0.1722157,0.4902257,0
507,621907.0185729694,1386243.9835091531,7.4774728,1.4142135,146.0328217,25.95212217584435,0.1242855,0.5169691,1
508,618135.8398367455,1384756.2354843223,9.2120733,7.2111025,206.5215912,25.374075472502568,0.2571036,0.5538201,1
509,619808.246593996,1385352.6277031172,5.6857133,4.2426405,326.5393066,25.55143766588276,0.1579616,0.5425131,1
510,630160.3189417189,1395387.2807095405,5.9796066,4.472136,730.1641235,26.481457633230487,0.1261304,0.4832233,1
511,621332.1509378301,1383814.5065818687,9.6583843,4.472136,206.5215912,28.093240391064967,0.1614985,0.3804704,1
512,632701.1145365072,1385537.0015791357,13.2401466,6.0,1346.3560791,25.054576105170213,0.1392691,0.5741886,0
513,623331.8753343215,1384534.8064223956,7.7124743,4.2426405,744.6242065,26.3155694101319,0.1105318,0.4937989,1
514,625276.3131020498,1384954.3669644163,6.8432169,4.0,146.0328217,26.19164551680086,0.1890511,0.5016991,1
515,618729.3640612066,1386972.6973269247,10.3103399,4.472136,923.5926514,25.813316115263547,0.1222051,0.525818,1
516,631609.4506799253,1394001.901922861,6.4377518,4.0,1204.2175293,28.66604885083649,0.1353402,0.3439532,0
517,629177.1927841427,1395944.774838792,6.0608659,4.0,1665.0302734,26.543376573010107,0.0786647,0.4792759,0
518,617833.756437147,1388659.14052831,5.6857133,4.2426405,2090.8718262,26.291625297973496,0.2039675,0.4953253,0
519,618826.0694227712,1385427.0366298163,5.6330328,4.472136,326.5393066,25.701344978869717,0.1122699,0.5329563,1
520,633540.002337751,1389879.7031291407,14.1870737,4.0,438.0984497,25.4922836568727,0.1071355,0.5462843,1
521,629225.2985278703,1392595.1324692164,11.6307087,1.4142135,1112.152832,26.860488050387065,0.1529847,0.4590597,0
522,621310.7590722898,1386263.3620260544,5.7446046,4.0,146.0328217,26.19317748682903,0.1150641,0.5016015,1
523,623323.7519174358,1384017.8156069235,6.561182,7.0710678,206.5215912,25.302005670706816,0.1348794,0.5584147,1
524,624851.387671656,1385835.6701832265,11.8313789,2.8284271,146.0328217,26.8101231226305,0.118958,0.4622705,1
525,633120.1299050217,1385860.2068927083,5.6330328,4.2426405,923.5926514,26.783062027737454,0.168073,0.4639957,0
526,619577.2207434094,1385283.1593482103,8.7891273,4.0,206.5215912,26.162663702268787,0.1895251,0.5035468,1
527,624602.6686480446,1386080.260222403,12.2666969,1.4142135,146.0328217,25.67993702185788,0.1195137,0.5343211,1
528,632686.384778101,1391689.8191845175,12.1415339,4.0,526.5288086,26.786500578560663,0.2543643,0.4637765,1
529,626772.1522507424,1383720.9514952078,6.7843256,1.4142135,146.0328217,26.285368015452487,0.1426671,0.4957242,1
530,630013.7768057464,1396487.1797893064,10.5320959,1.4142135,1904.0350342,25.663165676261144,0.1190032,0.5353903,0
531,624719.710806895,1384209.925923612,5.6330328,4.2426405,730.1641235,26.904964779682643,0.1780869,0.4562242,1
532,632056.8537657168,1384825.938112706,12.131484,12.1655254,730.1641235,26.62349219408975,0.2069604,0.4741684,1
533,635019.8947902834,1387603.6550309844,11.9183903,4.0,526.5288086,26.16405987126961,0.150807,0.5034578,1
534,632459.0686838031,1392153.7552004308,8.6186638,3.1622777,526.5288086,27.21162901746999,0.1400692,0.4366741,1
535,630256.7483225074,1395208.1422374975,11.2252436,4.0,584.1312866,26.080706937082937,0.1893568,0.5087716,1
536,619039.8639125248,1385486.081441382,9.0869102,5.0990195,526.5288086,26.36787919484317,0.200955,0.4904641,1
537,621066.8372791689,1385212.630761778,6.0911784,4.472136,146.0328217,23.65796795346904,0.1383285,0.6632239,1
538,629669.5208374057,1395685.0136009827,12.3238554,2.0,1177.354248,25.963164383149604,0.0880533,0.5162651,0
539,631532.3879549718,1393411.8383903876,5.6330328,4.472136,1322.3834229,26.812282599558955,0.1807954,0.4621328,0
540,619745.1171371639,1384029.2943533023,18.1182232,7.0710678,206.5215912,27.902870246252466,0.243563,0.3926067,1
541,636045.8898348119,1386967.037426004,12.4292164,4.0,851.510376,26.87595000153641,0.1123225,0.458074,1
542,634372.4880667934,1391593.6074739508,5.7446046,4.0,292.0656433,26.982740561410708,0.1036547,0.451266,1
543,632672.2713465979,1392850.0021644346,5.6330328,3.1622777,292.0656433,26.86553344378132,0.1947381,0.4587381,1
544,633766.8894917676,1390104.8163864408,10.735569,4.2426405,326.5393066,25.97134757115367,0.2688712,0.5157434,1
545,619831.5730925145,1387588.3390242048,14.9825602,4.2426405,146.0328217,25.066523217229133,0.1487921,0.573427,1
546,619631.4475178206,1387021.006276071,6.6004629,5.0990195,146.0328217,22.472028643986107,0.1185841,0.7388289,1
547,617636.7957741907,1383779.6649622489,7.4774728,5.6568542,146.0328217,23.66204145888884,0.2210724,0.6629642,1
548,634028.3002835801,1391793.3544666506,11.6307087,4.0,653.0786133,26.685396200302137,0.1488008,0.470222,1
549,625529.139556245,1384549.680349758,5.3677187,7.0710678,206.5215912,26.70309740889303,0.1840155,0.4690935,1
550,624947.8274722565,1383752.885908123,11.3793936,8.6023254,206.5215912,28.77208367478903,0.1475512,0.3371933,1
551,619988.9204827007,1386532.93716613,7.5789428,4.472136,206.5215912,23.386915129634193,0.1961917,0.6805038,1
552,618154.8946169512,1383893.2316255048,13.4224682,4.0,146.0328217,26.75349723076016,0.2599737,0.4658805,1
553,619873.5070072804,1387771.7337187119,6.4377518,4.0,292.0656433,28.09361359558517,0.1750161,0.3804466,1
554,622658.1013221396,1385376.7705909815,11.9183903,1.4142135,851.510376,25.83656079716735,0.1311501,0.5243362,1
555,618388.1107764412,1385573.1396712903,7.9356179,4.2426405,526.5288086,26.81902629860292,0.0876097,0.4617029,1
556,621630.2777304724,1387338.7552918326,5.3980312,5.6568542,876.1968994,26.9650530797108,0.1030539,0.4523936,0
557,635200.8039488951,1387208.002913436,11.042922,7.0710678,730.1641235,26.89339064618161,0.1297309,0.4569621,1
558,625723.5495153824,1383838.7311050352,11.8313789,11.0453606,146.0328217,24.334299126473468,0.1488871,0.6201071,1
559,620331.2712975135,1385167.1213636752,7.0720077,4.2426405,206.5215912,23.385015706098784,0.1823769,0.680625,1
560,623265.7234718278,1384430.4099272992,11.3793936,4.0,584.1312866,26.11666580058528,0.1632276,0.5064792,1
561,621472.9722183432,1386999.602031732,11.5315018,4.472136,602.1087646,26.781941467593867,0.0543063,0.4640671,1
562,626451.7717610765,1383974.4577504431,10.5320959,7.6157732,146.0328217,25.99319276635248,0.1734935,0.5143508,1
563,635626.5171353007,1388339.0282686893,12.1415339,4.472136,292.0656433,24.557081485578863,0.1089486,0.6059045,1
564,623824.2457580427,1385487.2883531228,12.3238554,4.472136,888.282959,26.284730946070965,0.1062213,0.4957649,1
565,629893.9740600417,1395602.223471174,11.8231506,4.472136,1063.1350098,25.684276788042663,0.1320032,0.5340445,1
566,619565.9590351088,1387025.0015903693,8.1979818,4.472136,292.0656433,22.85097997923901,0.275822,0.7146703,1
567,624477.9104098594,1385068.878830187,6.4377518,4.472136,146.0328217,24.68212156209546,0.1026232,0.597933,1
568,649962.0660946919,1387653.0573539268,10.5320959,4.472136,1377.6708984,26.51323142205166,0.1268849,0.4811977,0
569,636409.420301212,1386577.5888074096,6.7316451,4.472136,1377.6708984,26.23084904801027,0.1625098,0.4991999,0
570,643437.4935321203,1383619.02603288,6.0911784,9.8994951,923.5926514,26.78179462300676,0.1090426,0.4640765,1
571,643654.3705295082,1383948.5576150415,10.1266308,3.1622777,888.282959,26.426186130522524,0.1698069,0.4867469,0
572,643519.7639560523,1383684.9621594287,11.9984331,6.3245554,923.5926514,26.605731109261683,0.1476296,0.4753007,1
573,645772.6662275577,1385977.3576549124,10.1634455,8.0,2049.6682129,26.121472505626343,0.1160988,0.5061728,0
574,647025.8797679795,1385078.752077788,5.1552773,7.2111025,1758.4680176,26.605755036921263,0.1272154,0.4752992,0
575,642134.4013384385,1383632.469929034,6.7843256,1.4142135,602.1087646,26.633213866954176,0.1049989,0.4735487,1
576,650279.3702967819,1388796.0964841787,5.5018506,4.2426405,1948.3208008,25.13546467085814,0.2757612,0.5690318,0
577,652324.1584304459,1383926.875176141,6.3788605,4.2426405,979.6179199,26.345579047403877,0.1061195,0.4918857,0
578,644512.4777789125,1384707.5268935189,6.4966435,5.6568542,744.6242065,26.70565523234825,0.1019222,0.4689305,1
579,647699.0389078604,1384842.5802681427,5.6330328,4.472136,1870.1325684,26.26473968800127,0.3104449,0.4970393,0
580,643800.862729445,1383895.860357251,9.4334841,4.472136,826.0863647,26.72627038043873,0.1528361,0.4676162,1
581,644350.7442289423,1383728.284708973,11.8313789,4.2426405,292.0656433,26.151509121535696,0.1376856,0.5042579,1
582,642348.858380788,1384957.0848322324,8.3937635,1.4142135,1467.6116943,26.341301329559258,0.0633601,0.4921584,0
583,646944.7003839193,1384375.8214417957,5.6857133,4.2426405,1112.152832,25.65379494389805,0.4377615,0.5359877,0
584,648010.3180794604,1385001.843789959,5.3677187,7.2111025,2126.2700195,25.895060601425826,0.2862086,0.5206068,0
585,651067.3839092393,1384693.2041167447,12.3238554,4.0,146.0328217,28.144709005742413,0.086676,0.3771892,1
586,647800.869187912,1385193.258283438,11.2252436,1.4142135,2229.0942383,26.2508895777944,0.16179,0.4979223,0
587,649111.9468545569,1385677.402656216,8.7302361,1.4142135,1022.2297363,25.826491456239523,0.1440678,0.5249782,0
588,645372.2048480352,1384719.185551915,5.6857133,5.6568542,786.4108276,26.118325114775526,0.1071191,0.5063734,1
589,645921.2953585498,1386016.1873164847,5.1748877,7.0710678,2065.2160645,26.96125861281536,0.1385904,0.4526355,0
590,639665.4989245832,1383646.3381954413,9.2709656,7.0710678,1665.0302734,29.40702777409598,0.1552737,0.296715,0
591,645593.5960178822,1386123.6808823738,14.5633831,5.6568542,2190.4921875,26.899096318111727,0.1136797,0.4565984,0
592,643760.6119914921,1384073.2363384608,5.3677187,7.0710678,730.1641235,26.458206413417884,0.1152699,0.4847056,1
593,645778.8691357123,1384132.6161815487,7.9418292,9.0553856,206.5215912,26.977173912091075,0.274654,0.4516208,1
594,649204.5769668993,1384889.5150179006,8.0067759,10.7703295,1140.5527344,26.082191425442087,0.1970898,0.5086769,0
595,648207.6573609523,1385992.3778091632,11.6307087,8.0,1898.4266357,26.94951347085328,0.1342839,0.4533842,0
596,650586.5381185133,1387882.7353340946,11.6307087,4.0,1346.3560791,26.425174735245548,0.310616,0.4868114,0
597,650004.2792215301,1386155.7888458408,5.8034964,8.6023254,206.5215912,26.691817777956544,0.3747688,0.4698126,1
598,649996.7387243304,1387581.9098413065,5.7446046,4.0,1377.6708984,26.257996941302,0.199204,0.4974692,0
599,651124.759205318,1384564.389497636,11.9183903,7.0710678,206.5215912,27.53472963150421,0.0970292,0.4160761,1
600,644407.7575423662,1383656.8342763446,12.377923,4.472136,292.0656433,26.257734580006456,0.1745208,0.4974859,1
601,642200.8393488275,1383677.0374900978,9.2754431,7.6157732,602.1087646,26.314313811626107,0.1264884,0.4938789,1
602,650025.5705960076,1386518.56855103,7.5649433,5.8309517,526.5288086,26.28156472082873,0.2532643,0.4959667,1
603,650759.9124107771,1387955.8695786279,12.2060728,4.2426405,1177.354248,27.192579043999327,0.2183333,0.4378885,0
604,645445.4215441002,1384856.9408474136,12.3238554,5.8309517,923.5926514,26.858021226224366,0.0986855,0.459217,1
